,HomeTeam,AwayTeam,HAS,HAC,AAS,AAC,HAtS,AAtS,Result
0,Crystal Palace,Arsenal,0.1136363636363637,0.4814814814814815,1.0,0.07142857142857151,0.00811688311688313,0.4814814814814815,1
1,Fulham,Liverpool,0.34090909090909094,0.7037037037037038,0.7500000000000001,0.5000000000000001,0.1704545454545455,0.5277777777777779,0
2,Bournemouth,Aston Villa,0.09090909090909088,0.6666666666666666,0.29166666666666663,0.3214285714285715,0.02922077922077922,0.19444444444444442,-1
3,Leeds,Wolves,0.2272727272727273,1.0,0.04166666666666663,0.7857142857142857,0.17857142857142858,0.04166666666666663,-1
4,Newcastle,Nott'm Forest,0.4545454545454545,0.14814814814814814,0.0,1.0,0.4545454545454545,0.0,-1
5,Tottenham,Southampton,0.4772727272727273,0.5555555555555557,0.25,0.7142857142857143,0.34090909090909094,0.13888888888888892,-1
6,Everton,Chelsea,0.0,0.6296296296296297,0.29166666666666663,0.4285714285714285,0.0,0.18364197530864196,1
7,Leicester,Brentford,0.15909090909090906,0.6296296296296297,0.5,0.4285714285714285,0.06818181818181816,0.3148148148148148,0
8,Man United,Brighton,0.4545454545454545,0.0,1.0,0.5714285714285713,0.25974025974025966,0.0,1
9,West Ham,Man City,0.2272727272727273,0.5185185185185185,0.9583333333333334,0.0,0.0,0.49691358024691357,1
10,Aston Villa,Everton,0.38636363636363635,0.40740740740740755,0.29166666666666663,0.5000000000000001,0.19318181818181823,0.11882716049382719,-1
11,Arsenal,Leicester,0.8409090909090907,0.5555555555555557,0.7083333333333334,0.8928571428571429,0.7508116883116882,0.39351851851851866,-1
12,Brighton,Newcastle,0.4772727272727273,0.40740740740740755,0.8750000000000001,0.1071428571428572,0.05113636363636367,0.3564814814814817,0
13,Man City,Bournemouth,1.0,0.2592592592592593,0.25,0.9642857142857143,0.9642857142857143,0.06481481481481483,-1
14,Southampton,Leeds,0.06818181818181818,1.0,0.45833333333333337,0.8928571428571429,0.060876623376623376,0.45833333333333337,0
15,Wolves,Fulham,0.06818181818181818,0.37037037037037035,0.5416666666666666,0.2857142857142857,0.019480519480519477,0.20061728395061726,0
16,Brentford,Man United,0.43181818181818177,0.2962962962962963,0.45833333333333337,0.6071428571428571,0.2621753246753246,0.13580246913580246,-1
17,Nott'm Forest,West Ham,0.25,0.5185185185185185,0.20833333333333337,0.5357142857142857,0.13392857142857142,0.1080246913580247,-1
18,Chelsea,Tottenham,0.09090909090909088,0.33333333333333337,0.9166666666666669,0.7857142857142857,0.07142857142857141,0.30555555555555564,0
19,Liverpool,Crystal Palace,0.6818181818181818,0.2592592592592593,0.33333333333333337,0.3571428571428572,0.24350649350649353,0.08641975308641978,0
20,Tottenham,Wolves,0.4772727272727273,0.5555555555555557,0.04166666666666663,0.7857142857142857,0.375,0.023148148148148133,-1
21,Crystal Palace,Aston Villa,0.1136363636363637,0.4814814814814815,0.29166666666666663,0.3214285714285715,0.03652597402597406,0.14043209876543208,-1
22,Everton,Nott'm Forest,0.0,0.6296296296296297,0.0,1.0,0.0,0.0,0
23,Fulham,Brentford,0.34090909090909094,0.7037037037037038,0.5,0.4285714285714285,0.1461038961038961,0.3518518518518519,-1
24,Leicester,Southampton,0.15909090909090906,0.6296296296296297,0.25,0.7142857142857143,0.11363636363636362,0.1574074074074074,1
25,Bournemouth,Arsenal,0.09090909090909088,0.6666666666666666,1.0,0.07142857142857151,0.006493506493506499,0.6666666666666666,1
26,Leeds,Chelsea,0.2272727272727273,1.0,0.29166666666666663,0.4285714285714285,0.0974025974025974,0.29166666666666663,-1
27,West Ham,Brighton,0.2272727272727273,0.5185185185185185,1.0,0.5714285714285713,0.12987012987012986,0.5185185185185185,1
28,Newcastle,Man City,0.4545454545454545,0.14814814814814814,0.9583333333333334,0.0,0.0,0.1419753086419753,0
29,Man United,Liverpool,0.4545454545454545,0.0,0.7500000000000001,0.5000000000000001,0.2272727272727273,0.0,-1
30,Southampton,Man United,0.06818181818181818,1.0,0.45833333333333337,0.6071428571428571,0.04139610389610389,0.45833333333333337,1
31,Brentford,Everton,0.43181818181818177,0.2962962962962963,0.29166666666666663,0.5000000000000001,0.21590909090909094,0.08641975308641973,0
32,Brighton,Leeds,0.4772727272727273,0.40740740740740755,0.45833333333333337,0.8928571428571429,0.4261363636363637,0.18672839506172847,-1
33,Chelsea,Leicester,0.09090909090909088,0.33333333333333337,0.7083333333333334,0.8928571428571429,0.08116883116883115,0.23611111111111116,-1
34,Liverpool,Bournemouth,0.6818181818181818,0.2592592592592593,0.25,0.9642857142857143,0.6574675324675324,0.06481481481481483,-1
35,Man City,Crystal Palace,1.0,0.2592592592592593,0.33333333333333337,0.3571428571428572,0.3571428571428572,0.08641975308641978,-1
36,Arsenal,Fulham,0.8409090909090907,0.5555555555555557,0.5416666666666666,0.2857142857142857,0.2402597402597402,0.300925925925926,-1
37,Aston Villa,West Ham,0.38636363636363635,0.40740740740740755,0.20833333333333337,0.5357142857142857,0.20698051948051946,0.08487654320987659,1
38,Wolves,Newcastle,0.06818181818181818,0.37037037037037035,0.8750000000000001,0.1071428571428572,0.007305194805194809,0.32407407407407407,0
39,Nott'm Forest,Tottenham,0.25,0.5185185185185185,0.9166666666666669,0.7857142857142857,0.19642857142857142,0.4753086419753087,1
40,Crystal Palace,Brentford,0.1136363636363637,0.4814814814814815,0.5,0.4285714285714285,0.04870129870129872,0.24074074074074076,0
41,Fulham,Brighton,0.34090909090909094,0.7037037037037038,1.0,0.5714285714285713,0.1948051948051948,0.7037037037037038,-1
42,Southampton,Chelsea,0.06818181818181818,1.0,0.29166666666666663,0.4285714285714285,0.029220779220779213,0.29166666666666663,-1
43,Leeds,Everton,0.2272727272727273,1.0,0.29166666666666663,0.5000000000000001,0.11363636363636367,0.29166666666666663,0
44,Arsenal,Aston Villa,0.8409090909090907,0.5555555555555557,0.29166666666666663,0.3214285714285715,0.2702922077922078,0.16203703703703706,-1
45,Bournemouth,Wolves,0.09090909090909088,0.6666666666666666,0.04166666666666663,0.7857142857142857,0.07142857142857141,0.027777777777777752,0
46,Man City,Nott'm Forest,1.0,0.2592592592592593,0.0,1.0,1.0,0.0,-1
47,West Ham,Tottenham,0.2272727272727273,0.5185185185185185,0.9166666666666669,0.7857142857142857,0.17857142857142858,0.4753086419753087,0
48,Liverpool,Newcastle,0.6818181818181818,0.2592592592592593,0.8750000000000001,0.1071428571428572,0.07305194805194809,0.22685185185185192,-1
49,Leicester,Man United,0.15909090909090906,0.6296296296296297,0.45833333333333337,0.6071428571428571,0.09659090909090906,0.2885802469135803,1
50,Everton,Liverpool,0.0,0.6296296296296297,0.7500000000000001,0.5000000000000001,0.0,0.4722222222222223,0
51,Brentford,Leeds,0.43181818181818177,0.2962962962962963,0.45833333333333337,0.8928571428571429,0.38555194805194803,0.13580246913580246,-1
52,Chelsea,West Ham,0.09090909090909088,0.33333333333333337,0.20833333333333337,0.5357142857142857,0.04870129870129869,0.06944444444444446,-1
53,Newcastle,Crystal Palace,0.4545454545454545,0.14814814814814814,0.33333333333333337,0.3571428571428572,0.16233766233766234,0.04938271604938272,0
54,Nott'm Forest,Bournemouth,0.25,0.5185185185185185,0.25,0.9642857142857143,0.24107142857142858,0.12962962962962962,1
55,Tottenham,Fulham,0.4772727272727273,0.5555555555555557,0.5416666666666666,0.2857142857142857,0.13636363636363635,0.300925925925926,-1
56,Wolves,Southampton,0.06818181818181818,0.37037037037037035,0.25,0.7142857142857143,0.0487012987012987,0.09259259259259259,-1
57,Aston Villa,Man City,0.38636363636363635,0.40740740740740755,0.9583333333333334,0.0,0.0,0.3904320987654323,0
58,Brighton,Leicester,0.4772727272727273,0.40740740740740755,0.7083333333333334,0.8928571428571429,0.4261363636363637,0.28858024691358036,-1
59,Man United,Arsenal,0.4545454545454545,0.0,1.0,0.07142857142857151,0.0324675324675325,0.0,-1
60,Aston Villa,Southampton,0.38636363636363635,0.40740740740740755,0.25,0.7142857142857143,0.275974025974026,0.10185185185185189,-1
61,Nott'm Forest,Fulham,0.25,0.5185185185185185,0.5416666666666666,0.2857142857142857,0.07142857142857142,0.28086419753086417,1
62,Wolves,Man City,0.06818181818181818,0.37037037037037035,0.9583333333333334,0.0,0.0,0.35493827160493824,1
63,Newcastle,Bournemouth,0.4545454545454545,0.14814814814814814,0.25,0.9642857142857143,0.43831168831168826,0.037037037037037035,0
64,Tottenham,Leicester,0.4772727272727273,0.5555555555555557,0.7083333333333334,0.8928571428571429,0.4261363636363637,0.39351851851851866,-1
65,Brentford,Arsenal,0.43181818181818177,0.2962962962962963,1.0,0.07142857142857151,0.030844155844155875,0.2962962962962963,1
66,Everton,West Ham,0.0,0.6296296296296297,0.20833333333333337,0.5357142857142857,0.0,0.13117283950617287,-1
67,Arsenal,Tottenham,0.8409090909090907,0.5555555555555557,0.9166666666666669,0.7857142857142857,0.6607142857142856,0.5092592592592595,-1
68,Bournemouth,Brentford,0.09090909090909088,0.6666666666666666,0.5,0.4285714285714285,0.038961038961038946,0.3333333333333333,0
69,Crystal Palace,Chelsea,0.1136363636363637,0.4814814814814815,0.29166666666666663,0.4285714285714285,0.04870129870129872,0.14043209876543208,1
70,Fulham,Newcastle,0.34090909090909094,0.7037037037037038,0.8750000000000001,0.1071428571428572,0.03652597402597405,0.6157407407407409,1
71,Liverpool,Brighton,0.6818181818181818,0.2592592592592593,1.0,0.5714285714285713,0.38961038961038946,0.2592592592592593,0
72,Southampton,Everton,0.06818181818181818,1.0,0.29166666666666663,0.5000000000000001,0.034090909090909095,0.29166666666666663,1
73,West Ham,Wolves,0.2272727272727273,0.5185185185185185,0.04166666666666663,0.7857142857142857,0.17857142857142858,0.021604938271604916,-1
74,Man City,Man United,1.0,0.2592592592592593,0.45833333333333337,0.6071428571428571,0.6071428571428571,0.11882716049382719,-1
75,Leeds,Aston Villa,0.2272727272727273,1.0,0.29166666666666663,0.3214285714285715,0.07305194805194808,0.29166666666666663,0
76,Leicester,Nott'm Forest,0.15909090909090906,0.6296296296296297,0.0,1.0,0.15909090909090906,0.0,-1
77,Bournemouth,Leicester,0.09090909090909088,0.6666666666666666,0.7083333333333334,0.8928571428571429,0.08116883116883115,0.4722222222222222,-1
78,Chelsea,Wolves,0.09090909090909088,0.33333333333333337,0.04166666666666663,0.7857142857142857,0.07142857142857141,0.013888888888888878,-1
79,Man City,Southampton,1.0,0.2592592592592593,0.25,0.7142857142857143,0.7142857142857143,0.06481481481481483,-1
80,Newcastle,Brentford,0.4545454545454545,0.14814814814814814,0.5,0.4285714285714285,0.19480519480519473,0.07407407407407407,-1
81,Brighton,Tottenham,0.4772727272727273,0.40740740740740755,0.9166666666666669,0.7857142857142857,0.375,0.373456790123457,1
82,Crystal Palace,Leeds,0.1136363636363637,0.4814814814814815,0.45833333333333337,0.8928571428571429,0.10146103896103903,0.22067901234567905,-1
83,West Ham,Fulham,0.2272727272727273,0.5185185185185185,0.5416666666666666,0.2857142857142857,0.06493506493506494,0.28086419753086417,-1
84,Arsenal,Liverpool,0.8409090909090907,0.5555555555555557,0.7500000000000001,0.5000000000000001,0.42045454545454547,0.41666666666666685,-1
85,Everton,Man United,0.0,0.6296296296296297,0.45833333333333337,0.6071428571428571,0.0,0.2885802469135803,1
86,Nott'm Forest,Aston Villa,0.25,0.5185185185185185,0.29166666666666663,0.3214285714285715,0.08035714285714288,0.15123456790123455,0
87,Brentford,Brighton,0.43181818181818177,0.2962962962962963,1.0,0.5714285714285713,0.24675324675324667,0.2962962962962963,-1
88,Leicester,Crystal Palace,0.15909090909090906,0.6296296296296297,0.33333333333333337,0.3571428571428572,0.056818181818181816,0.2098765432098766,0
89,Fulham,Bournemouth,0.34090909090909094,0.7037037037037038,0.25,0.9642857142857143,0.32873376623376627,0.17592592592592596,0
90,Wolves,Nott'm Forest,0.06818181818181818,0.37037037037037035,0.0,1.0,0.06818181818181818,0.0,-1
91,Tottenham,Everton,0.4772727272727273,0.5555555555555557,0.29166666666666663,0.5000000000000001,0.2386363636363637,0.16203703703703706,-1
92,Aston Villa,Chelsea,0.38636363636363635,0.40740740740740755,0.29166666666666663,0.4285714285714285,0.16558441558441556,0.11882716049382719,1
93,Leeds,Arsenal,0.2272727272727273,1.0,1.0,0.07142857142857151,0.016233766233766253,1.0,1
94,Man United,Newcastle,0.4545454545454545,0.0,0.8750000000000001,0.1071428571428572,0.048701298701298724,0.0,0
95,Southampton,West Ham,0.06818181818181818,1.0,0.20833333333333337,0.5357142857142857,0.036525974025974024,0.20833333333333337,0
96,Liverpool,Man City,0.6818181818181818,0.2592592592592593,0.9583333333333334,0.0,0.0,0.24845679012345684,-1
97,Brighton,Nott'm Forest,0.4772727272727273,0.40740740740740755,0.0,1.0,0.4772727272727273,0.0,0
98,Crystal Palace,Wolves,0.1136363636363637,0.4814814814814815,0.04166666666666663,0.7857142857142857,0.08928571428571433,0.020061728395061713,-1
99,Bournemouth,Southampton,0.09090909090909088,0.6666666666666666,0.25,0.7142857142857143,0.06493506493506492,0.16666666666666666,1
100,Brentford,Chelsea,0.43181818181818177,0.2962962962962963,0.29166666666666663,0.4285714285714285,0.18506493506493502,0.08641975308641973,0
101,Liverpool,West Ham,0.6818181818181818,0.2592592592592593,0.20833333333333337,0.5357142857142857,0.36525974025974023,0.054012345679012363,-1
102,Newcastle,Everton,0.4545454545454545,0.14814814814814814,0.29166666666666663,0.5000000000000001,0.2272727272727273,0.04320987654320987,-1
103,Man United,Tottenham,0.4545454545454545,0.0,0.9166666666666669,0.7857142857142857,0.3571428571428571,0.0,-1
104,Fulham,Aston Villa,0.34090909090909094,0.7037037037037038,0.29166666666666663,0.3214285714285715,0.10957792207792212,0.20524691358024694,-1
105,Leicester,Leeds,0.15909090909090906,0.6296296296296297,0.45833333333333337,0.8928571428571429,0.14204545454545453,0.2885802469135803,-1
106,Nott'm Forest,Liverpool,0.25,0.5185185185185185,0.7500000000000001,0.5000000000000001,0.12500000000000003,0.38888888888888895,-1
107,Everton,Crystal Palace,0.0,0.6296296296296297,0.33333333333333337,0.3571428571428572,0.0,0.2098765432098766,-1
108,Man City,Brighton,1.0,0.2592592592592593,1.0,0.5714285714285713,0.5714285714285713,0.2592592592592593,-1
109,Chelsea,Man United,0.09090909090909088,0.33333333333333337,0.45833333333333337,0.6071428571428571,0.05519480519480518,0.15277777777777782,0
110,Aston Villa,Brentford,0.38636363636363635,0.40740740740740755,0.5,0.4285714285714285,0.16558441558441556,0.20370370370370378,-1
111,Leeds,Fulham,0.2272727272727273,1.0,0.5416666666666666,0.2857142857142857,0.06493506493506494,0.5416666666666666,1
112,Southampton,Arsenal,0.06818181818181818,1.0,1.0,0.07142857142857151,0.004870129870129875,1.0,0
113,Wolves,Leicester,0.06818181818181818,0.37037037037037035,0.7083333333333334,0.8928571428571429,0.060876623376623376,0.2623456790123457,1
114,Tottenham,Newcastle,0.4772727272727273,0.5555555555555557,0.8750000000000001,0.1071428571428572,0.05113636363636367,0.48611111111111127,1
115,West Ham,Bournemouth,0.2272727272727273,0.5185185185185185,0.25,0.9642857142857143,0.2191558441558442,0.12962962962962962,-1
116,Leicester,Man City,0.15909090909090906,0.6296296296296297,0.9583333333333334,0.0,0.0,0.6033950617283951,1
117,Bournemouth,Tottenham,0.09090909090909088,0.6666666666666666,0.9166666666666669,0.7857142857142857,0.07142857142857141,0.6111111111111112,1
118,Brentford,Wolves,0.43181818181818177,0.2962962962962963,0.04166666666666663,0.7857142857142857,0.33928571428571425,0.012345679012345668,0
119,Brighton,Chelsea,0.4772727272727273,0.40740740740740755,0.29166666666666663,0.4285714285714285,0.2045454545454545,0.11882716049382719,-1
120,Crystal Palace,Southampton,0.1136363636363637,0.4814814814814815,0.25,0.7142857142857143,0.08116883116883122,0.12037037037037038,-1
121,Newcastle,Aston Villa,0.4545454545454545,0.14814814814814814,0.29166666666666663,0.3214285714285715,0.14610389610389612,0.04320987654320987,-1
122,Fulham,Everton,0.34090909090909094,0.7037037037037038,0.29166666666666663,0.5000000000000001,0.1704545454545455,0.20524691358024694,0
123,Liverpool,Leeds,0.6818181818181818,0.2592592592592593,0.45833333333333337,0.8928571428571429,0.6087662337662337,0.11882716049382719,1
124,Arsenal,Nott'm Forest,0.8409090909090907,0.5555555555555557,0.0,1.0,0.8409090909090907,0.0,-1
125,Man United,West Ham,0.4545454545454545,0.0,0.20833333333333337,0.5357142857142857,0.24350649350649345,0.0,-1
126,Leeds,Bournemouth,0.2272727272727273,1.0,0.25,0.9642857142857143,0.2191558441558442,0.25,-1
127,Man City,Fulham,1.0,0.2592592592592593,0.5416666666666666,0.2857142857142857,0.2857142857142857,0.1404320987654321,-1
128,Nott'm Forest,Brentford,0.25,0.5185185185185185,0.5,0.4285714285714285,0.10714285714285712,0.25925925925925924,0
129,Wolves,Brighton,0.06818181818181818,0.37037037037037035,1.0,0.5714285714285713,0.038961038961038946,0.37037037037037035,1
130,Everton,Leicester,0.0,0.6296296296296297,0.7083333333333334,0.8928571428571429,0.0,0.4459876543209877,1
131,Chelsea,Arsenal,0.09090909090909088,0.33333333333333337,1.0,0.07142857142857151,0.006493506493506499,0.33333333333333337,1
132,Aston Villa,Man United,0.38636363636363635,0.40740740740740755,0.45833333333333337,0.6071428571428571,0.23457792207792205,0.18672839506172847,-1
133,Southampton,Newcastle,0.06818181818181818,1.0,0.8750000000000001,0.1071428571428572,0.007305194805194809,0.8750000000000001,1
134,West Ham,Crystal Palace,0.2272727272727273,0.5185185185185185,0.33333333333333337,0.3571428571428572,0.0811688311688312,0.17283950617283952,1
135,Tottenham,Liverpool,0.4772727272727273,0.5555555555555557,0.7500000000000001,0.5000000000000001,0.2386363636363637,0.41666666666666685,1
136,Man City,Brentford,1.0,0.2592592592592593,0.5,0.4285714285714285,0.4285714285714285,0.12962962962962965,1
137,Bournemouth,Everton,0.09090909090909088,0.6666666666666666,0.29166666666666663,0.5000000000000001,0.04545454545454545,0.19444444444444442,-1
138,Liverpool,Southampton,0.6818181818181818,0.2592592592592593,0.25,0.7142857142857143,0.487012987012987,0.06481481481481483,-1
139,Nott'm Forest,Crystal Palace,0.25,0.5185185185185185,0.33333333333333337,0.3571428571428572,0.0892857142857143,0.17283950617283952,-1
140,Tottenham,Leeds,0.4772727272727273,0.5555555555555557,0.45833333333333337,0.8928571428571429,0.4261363636363637,0.2546296296296297,-1
141,West Ham,Leicester,0.2272727272727273,0.5185185185185185,0.7083333333333334,0.8928571428571429,0.20292207792207795,0.36728395061728397,1
142,Newcastle,Chelsea,0.4545454545454545,0.14814814814814814,0.29166666666666663,0.4285714285714285,0.19480519480519473,0.04320987654320987,-1
143,Wolves,Arsenal,0.06818181818181818,0.37037037037037035,1.0,0.07142857142857151,0.004870129870129875,0.37037037037037035,1
144,Brighton,Aston Villa,0.4772727272727273,0.40740740740740755,0.29166666666666663,0.3214285714285715,0.15340909090909097,0.11882716049382719,1
145,Fulham,Man United,0.34090909090909094,0.7037037037037038,0.45833333333333337,0.6071428571428571,0.2069805194805195,0.32253086419753096,1
146,Brentford,Tottenham,0.43181818181818177,0.2962962962962963,0.9166666666666669,0.7857142857142857,0.33928571428571425,0.271604938271605,0
147,Crystal Palace,Fulham,0.1136363636363637,0.4814814814814815,0.5416666666666666,0.2857142857142857,0.032467532467532485,0.26080246913580246,1
148,Everton,Wolves,0.0,0.6296296296296297,0.04166666666666663,0.7857142857142857,0.0,0.026234567901234546,1
149,Leicester,Newcastle,0.15909090909090906,0.6296296296296297,0.8750000000000001,0.1071428571428572,0.01704545454545455,0.550925925925926,1
150,Southampton,Brighton,0.06818181818181818,1.0,1.0,0.5714285714285713,0.038961038961038946,1.0,1
151,Aston Villa,Liverpool,0.38636363636363635,0.40740740740740755,0.7500000000000001,0.5000000000000001,0.19318181818181823,0.3055555555555557,1
152,Arsenal,West Ham,0.8409090909090907,0.5555555555555557,0.20833333333333337,0.5357142857142857,0.4504870129870129,0.11574074074074078,-1
153,Chelsea,Bournemouth,0.09090909090909088,0.33333333333333337,0.25,0.9642857142857143,0.08766233766233764,0.08333333333333334,-1
154,Man United,Nott'm Forest,0.4545454545454545,0.0,0.0,1.0,0.4545454545454545,0.0,-1
155,Leeds,Man City,0.2272727272727273,1.0,0.9583333333333334,0.0,0.0,0.9583333333333334,1
156,West Ham,Brentford,0.2272727272727273,0.5185185185185185,0.5,0.4285714285714285,0.0974025974025974,0.25925925925925924,1
157,Liverpool,Leicester,0.6818181818181818,0.2592592592592593,0.7083333333333334,0.8928571428571429,0.6087662337662337,0.183641975308642,-1
158,Wolves,Man United,0.06818181818181818,0.37037037037037035,0.45833333333333337,0.6071428571428571,0.04139610389610389,0.1697530864197531,1
159,Bournemouth,Crystal Palace,0.09090909090909088,0.6666666666666666,0.33333333333333337,0.3571428571428572,0.032467532467532464,0.22222222222222224,1
160,Fulham,Southampton,0.34090909090909094,0.7037037037037038,0.25,0.7142857142857143,0.24350649350649353,0.17592592592592596,-1
161,Man City,Everton,1.0,0.2592592592592593,0.29166666666666663,0.5000000000000001,0.5000000000000001,0.07561728395061729,0
162,Newcastle,Leeds,0.4545454545454545,0.14814814814814814,0.45833333333333337,0.8928571428571429,0.4058441558441558,0.06790123456790123,0
163,Brighton,Arsenal,0.4772727272727273,0.40740740740740755,1.0,0.07142857142857151,0.03409090909090913,0.40740740740740755,1
164,Tottenham,Aston Villa,0.4772727272727273,0.5555555555555557,0.29166666666666663,0.3214285714285715,0.15340909090909097,0.16203703703703706,1
165,Nott'm Forest,Chelsea,0.25,0.5185185185185185,0.29166666666666663,0.4285714285714285,0.10714285714285712,0.15123456790123455,0
166,Brentford,Liverpool,0.43181818181818177,0.2962962962962963,0.7500000000000001,0.5000000000000001,0.21590909090909094,0.22222222222222224,-1
167,Arsenal,Newcastle,0.8409090909090907,0.5555555555555557,0.8750000000000001,0.1071428571428572,0.09009740259740263,0.48611111111111127,0
168,Everton,Brighton,0.0,0.6296296296296297,1.0,0.5714285714285713,0.0,0.6296296296296297,1
169,Leicester,Fulham,0.15909090909090906,0.6296296296296297,0.5416666666666666,0.2857142857142857,0.04545454545454544,0.34104938271604934,1
170,Man United,Bournemouth,0.4545454545454545,0.0,0.25,0.9642857142857143,0.43831168831168826,0.0,-1
171,Southampton,Nott'm Forest,0.06818181818181818,1.0,0.0,1.0,0.06818181818181818,0.0,1
172,Leeds,West Ham,0.2272727272727273,1.0,0.20833333333333337,0.5357142857142857,0.12175324675324677,0.20833333333333337,0
173,Aston Villa,Wolves,0.38636363636363635,0.40740740740740755,0.04166666666666663,0.7857142857142857,0.30357142857142855,0.0169753086419753,0
174,Crystal Palace,Tottenham,0.1136363636363637,0.4814814814814815,0.9166666666666669,0.7857142857142857,0.08928571428571433,0.44135802469135815,1
175,Chelsea,Man City,0.09090909090909088,0.33333333333333337,0.9583333333333334,0.0,0.0,0.3194444444444445,1
176,Fulham,Chelsea,0.34090909090909094,0.7037037037037038,0.29166666666666663,0.4285714285714285,0.1461038961038961,0.20524691358024694,-1
177,Aston Villa,Leeds,0.38636363636363635,0.40740740740740755,0.45833333333333337,0.8928571428571429,0.3449675324675325,0.18672839506172847,-1
178,Man United,Man City,0.4545454545454545,0.0,0.9583333333333334,0.0,0.0,0.0,-1
179,Brighton,Liverpool,0.4772727272727273,0.40740740740740755,0.7500000000000001,0.5000000000000001,0.2386363636363637,0.3055555555555557,-1
180,Everton,Southampton,0.0,0.6296296296296297,0.25,0.7142857142857143,0.0,0.1574074074074074,1
181,Nott'm Forest,Leicester,0.25,0.5185185185185185,0.7083333333333334,0.8928571428571429,0.22321428571428573,0.36728395061728397,-1
182,Wolves,West Ham,0.06818181818181818,0.37037037037037035,0.20833333333333337,0.5357142857142857,0.036525974025974024,0.0771604938271605,-1
183,Brentford,Bournemouth,0.43181818181818177,0.2962962962962963,0.25,0.9642857142857143,0.4163961038961039,0.07407407407407407,-1
184,Chelsea,Crystal Palace,0.09090909090909088,0.33333333333333337,0.33333333333333337,0.3571428571428572,0.032467532467532464,0.11111111111111113,-1
185,Newcastle,Fulham,0.4545454545454545,0.14814814814814814,0.5416666666666666,0.2857142857142857,0.12987012987012983,0.08024691358024691,-1
186,Tottenham,Arsenal,0.4772727272727273,0.5555555555555557,1.0,0.07142857142857151,0.03409090909090913,0.5555555555555557,1
187,Crystal Palace,Man United,0.1136363636363637,0.4814814814814815,0.45833333333333337,0.6071428571428571,0.06899350649350652,0.22067901234567905,0
188,Man City,Tottenham,1.0,0.2592592592592593,0.9166666666666669,0.7857142857142857,0.7857142857142857,0.2376543209876544,-1
189,Liverpool,Chelsea,0.6818181818181818,0.2592592592592593,0.29166666666666663,0.4285714285714285,0.29220779220779214,0.07561728395061729,0
190,Bournemouth,Nott'm Forest,0.09090909090909088,0.6666666666666666,0.0,1.0,0.09090909090909088,0.0,0
191,Leicester,Brighton,0.15909090909090906,0.6296296296296297,1.0,0.5714285714285713,0.09090909090909087,0.6296296296296297,0
192,Southampton,Aston Villa,0.06818181818181818,1.0,0.29166666666666663,0.3214285714285715,0.02191558441558442,0.29166666666666663,1
193,West Ham,Everton,0.2272727272727273,0.5185185185185185,0.29166666666666663,0.5000000000000001,0.11363636363636367,0.15123456790123455,-1
194,Crystal Palace,Newcastle,0.1136363636363637,0.4814814814814815,0.8750000000000001,0.1071428571428572,0.01217532467532469,0.4212962962962964,0
195,Leeds,Brentford,0.2272727272727273,1.0,0.5,0.4285714285714285,0.0974025974025974,0.5,0
196,Man City,Wolves,1.0,0.2592592592592593,0.04166666666666663,0.7857142857142857,0.7857142857142857,0.010802469135802462,-1
197,Arsenal,Man United,0.8409090909090907,0.5555555555555557,0.45833333333333337,0.6071428571428571,0.5105519480519479,0.2546296296296297,-1
198,Fulham,Tottenham,0.34090909090909094,0.7037037037037038,0.9166666666666669,0.7857142857142857,0.26785714285714285,0.6450617283950619,1
199,Chelsea,Fulham,0.09090909090909088,0.33333333333333337,0.5416666666666666,0.2857142857142857,0.025974025974025965,0.18055555555555555,0
200,Everton,Arsenal,0.0,0.6296296296296297,1.0,0.07142857142857151,0.0,0.6296296296296297,-1
201,Aston Villa,Leicester,0.38636363636363635,0.40740740740740755,0.7083333333333334,0.8928571428571429,0.3449675324675325,0.28858024691358036,1
202,Brentford,Southampton,0.43181818181818177,0.2962962962962963,0.25,0.7142857142857143,0.3084415584415584,0.07407407407407407,-1
203,Brighton,Bournemouth,0.4772727272727273,0.40740740740740755,0.25,0.9642857142857143,0.46022727272727276,0.10185185185185189,-1
204,Man United,Crystal Palace,0.4545454545454545,0.0,0.33333333333333337,0.3571428571428572,0.16233766233766234,0.0,-1
205,Wolves,Liverpool,0.06818181818181818,0.37037037037037035,0.7500000000000001,0.5000000000000001,0.034090909090909095,0.2777777777777778,-1
206,Newcastle,West Ham,0.4545454545454545,0.14814814814814814,0.20833333333333337,0.5357142857142857,0.24350649350649345,0.030864197530864203,0
207,Nott'm Forest,Leeds,0.25,0.5185185185185185,0.45833333333333337,0.8928571428571429,0.22321428571428573,0.23765432098765432,-1
208,Tottenham,Man City,0.4772727272727273,0.5555555555555557,0.9583333333333334,0.0,0.0,0.5324074074074076,-1
209,Man United,Leeds,0.4545454545454545,0.0,0.45833333333333337,0.8928571428571429,0.4058441558441558,0.0,0
210,West Ham,Chelsea,0.2272727272727273,0.5185185185185185,0.29166666666666663,0.4285714285714285,0.0974025974025974,0.15123456790123455,0
211,Arsenal,Brentford,0.8409090909090907,0.5555555555555557,0.5,0.4285714285714285,0.36038961038961026,0.27777777777777785,0
212,Crystal Palace,Brighton,0.1136363636363637,0.4814814814814815,1.0,0.5714285714285713,0.06493506493506496,0.4814814814814815,0
213,Fulham,Nott'm Forest,0.34090909090909094,0.7037037037037038,0.0,1.0,0.34090909090909094,0.0,-1
214,Leicester,Tottenham,0.15909090909090906,0.6296296296296297,0.9166666666666669,0.7857142857142857,0.12499999999999997,0.5771604938271606,-1
215,Southampton,Wolves,0.06818181818181818,1.0,0.04166666666666663,0.7857142857142857,0.05357142857142857,0.04166666666666663,1
216,Bournemouth,Newcastle,0.09090909090909088,0.6666666666666666,0.8750000000000001,0.1071428571428572,0.009740259740259744,0.5833333333333334,0
217,Leeds,Man United,0.2272727272727273,1.0,0.45833333333333337,0.6071428571428571,0.137987012987013,0.45833333333333337,1
218,Man City,Aston Villa,1.0,0.2592592592592593,0.29166666666666663,0.3214285714285715,0.3214285714285715,0.07561728395061729,-1
219,Liverpool,Everton,0.6818181818181818,0.2592592592592593,0.29166666666666663,0.5000000000000001,0.34090909090909094,0.07561728395061729,-1
220,Arsenal,Man City,0.8409090909090907,0.5555555555555557,0.9583333333333334,0.0,0.0,0.5324074074074076,1
221,Aston Villa,Arsenal,0.38636363636363635,0.40740740740740755,1.0,0.07142857142857151,0.027597402597402627,0.40740740740740755,1
222,Brentford,Crystal Palace,0.43181818181818177,0.2962962962962963,0.33333333333333337,0.3571428571428572,0.15422077922077923,0.09876543209876544,0
223,Brighton,Fulham,0.4772727272727273,0.40740740740740755,0.5416666666666666,0.2857142857142857,0.13636363636363635,0.22067901234567908,1
224,Chelsea,Southampton,0.09090909090909088,0.33333333333333337,0.25,0.7142857142857143,0.06493506493506492,0.08333333333333334,1
225,Everton,Leeds,0.0,0.6296296296296297,0.45833333333333337,0.8928571428571429,0.0,0.2885802469135803,-1
226,Nott'm Forest,Man City,0.25,0.5185185185185185,0.9583333333333334,0.0,0.0,0.49691358024691357,0
227,Wolves,Bournemouth,0.06818181818181818,0.37037037037037035,0.25,0.9642857142857143,0.06574675324675325,0.09259259259259259,1
228,Newcastle,Liverpool,0.4545454545454545,0.14814814814814814,0.7500000000000001,0.5000000000000001,0.2272727272727273,0.11111111111111112,1
229,Man United,Leicester,0.4545454545454545,0.0,0.7083333333333334,0.8928571428571429,0.4058441558441558,0.0,-1
230,Tottenham,West Ham,0.4772727272727273,0.5555555555555557,0.20833333333333337,0.5357142857142857,0.2556818181818182,0.11574074074074078,-1
231,Fulham,Wolves,0.34090909090909094,0.7037037037037038,0.04166666666666663,0.7857142857142857,0.26785714285714285,0.029320987654320965,0
232,Everton,Aston Villa,0.0,0.6296296296296297,0.29166666666666663,0.3214285714285715,0.0,0.18364197530864196,1
233,Leeds,Southampton,0.2272727272727273,1.0,0.25,0.7142857142857143,0.16233766233766236,0.25,-1
234,Leicester,Arsenal,0.15909090909090906,0.6296296296296297,1.0,0.07142857142857151,0.011363636363636374,0.6296296296296297,1
235,West Ham,Nott'm Forest,0.2272727272727273,0.5185185185185185,0.0,1.0,0.2272727272727273,0.0,-1
236,Bournemouth,Man City,0.09090909090909088,0.6666666666666666,0.9583333333333334,0.0,0.0,0.6388888888888888,1
237,Crystal Palace,Liverpool,0.1136363636363637,0.4814814814814815,0.7500000000000001,0.5000000000000001,0.056818181818181865,0.36111111111111116,0
238,Tottenham,Chelsea,0.4772727272727273,0.5555555555555557,0.29166666666666663,0.4285714285714285,0.2045454545454545,0.16203703703703706,-1
239,Arsenal,Everton,0.8409090909090907,0.5555555555555557,0.29166666666666663,0.5000000000000001,0.42045454545454547,0.16203703703703706,-1
240,Liverpool,Wolves,0.6818181818181818,0.2592592592592593,0.04166666666666663,0.7857142857142857,0.5357142857142857,0.010802469135802462,-1
241,Man City,Newcastle,1.0,0.2592592592592593,0.8750000000000001,0.1071428571428572,0.1071428571428572,0.22685185185185192,-1
242,Arsenal,Bournemouth,0.8409090909090907,0.5555555555555557,0.25,0.9642857142857143,0.8108766233766233,0.13888888888888892,-1
243,Aston Villa,Crystal Palace,0.38636363636363635,0.40740740740740755,0.33333333333333337,0.3571428571428572,0.13798701298701302,0.13580246913580254,-1
244,Brighton,West Ham,0.4772727272727273,0.40740740740740755,0.20833333333333337,0.5357142857142857,0.2556818181818182,0.08487654320987659,-1
245,Chelsea,Leeds,0.09090909090909088,0.33333333333333337,0.45833333333333337,0.8928571428571429,0.08116883116883115,0.15277777777777782,-1
246,Wolves,Tottenham,0.06818181818181818,0.37037037037037035,0.9166666666666669,0.7857142857142857,0.05357142857142857,0.33950617283950624,-1
247,Southampton,Leicester,0.06818181818181818,1.0,0.7083333333333334,0.8928571428571429,0.060876623376623376,0.7083333333333334,-1
248,Nott'm Forest,Everton,0.25,0.5185185185185185,0.29166666666666663,0.5000000000000001,0.12500000000000003,0.15123456790123455,0
249,Liverpool,Man United,0.6818181818181818,0.2592592592592593,0.45833333333333337,0.6071428571428571,0.4139610389610389,0.11882716049382719,-1
250,Brentford,Fulham,0.43181818181818177,0.2962962962962963,0.5416666666666666,0.2857142857142857,0.12337662337662336,0.16049382716049382,-1
251,Bournemouth,Liverpool,0.09090909090909088,0.6666666666666666,0.7500000000000001,0.5000000000000001,0.04545454545454545,0.5,-1
252,Everton,Brentford,0.0,0.6296296296296297,0.5,0.4285714285714285,0.0,0.3148148148148148,-1
253,Leeds,Brighton,0.2272727272727273,1.0,1.0,0.5714285714285713,0.12987012987012986,1.0,0
254,Leicester,Chelsea,0.15909090909090906,0.6296296296296297,0.29166666666666663,0.4285714285714285,0.06818181818181816,0.18364197530864196,1
255,Tottenham,Nott'm Forest,0.4772727272727273,0.5555555555555557,0.0,1.0,0.4772727272727273,0.0,-1
256,Crystal Palace,Man City,0.1136363636363637,0.4814814814814815,0.9583333333333334,0.0,0.0,0.4614197530864198,1
257,Fulham,Arsenal,0.34090909090909094,0.7037037037037038,1.0,0.07142857142857151,0.02435064935064938,0.7037037037037038,1
258,Man United,Southampton,0.4545454545454545,0.0,0.25,0.7142857142857143,0.3246753246753246,0.0,0
259,West Ham,Aston Villa,0.2272727272727273,0.5185185185185185,0.29166666666666663,0.3214285714285715,0.07305194805194808,0.15123456790123455,0
260,Newcastle,Wolves,0.4545454545454545,0.14814814814814814,0.04166666666666663,0.7857142857142857,0.3571428571428571,0.006172839506172834,-1
261,Brighton,Crystal Palace,0.4772727272727273,0.40740740740740755,0.33333333333333337,0.3571428571428572,0.1704545454545455,0.13580246913580254,-1
262,Southampton,Brentford,0.06818181818181818,1.0,0.5,0.4285714285714285,0.029220779220779213,0.5,1
263,Nott'm Forest,Newcastle,0.25,0.5185185185185185,0.8750000000000001,0.1071428571428572,0.0267857142857143,0.4537037037037037,1
264,Aston Villa,Bournemouth,0.38636363636363635,0.40740740740740755,0.25,0.9642857142857143,0.37256493506493504,0.10185185185185189,-1
265,Brentford,Leicester,0.43181818181818177,0.2962962962962963,0.7083333333333334,0.8928571428571429,0.38555194805194803,0.20987654320987653,0
266,Southampton,Tottenham,0.06818181818181818,1.0,0.9166666666666669,0.7857142857142857,0.05357142857142857,0.9166666666666669,0
267,Wolves,Leeds,0.06818181818181818,0.37037037037037035,0.45833333333333337,0.8928571428571429,0.060876623376623376,0.1697530864197531,1
268,Chelsea,Everton,0.09090909090909088,0.33333333333333337,0.29166666666666663,0.5000000000000001,0.04545454545454545,0.09722222222222222,0
269,Arsenal,Crystal Palace,0.8409090909090907,0.5555555555555557,0.33333333333333337,0.3571428571428572,0.3003246753246753,0.18518518518518526,-1
270,Man City,Liverpool,1.0,0.2592592592592593,0.7500000000000001,0.5000000000000001,0.5000000000000001,0.1944444444444445,-1
271,Arsenal,Leeds,0.8409090909090907,0.5555555555555557,0.45833333333333337,0.8928571428571429,0.7508116883116882,0.2546296296296297,-1
272,Bournemouth,Fulham,0.09090909090909088,0.6666666666666666,0.5416666666666666,0.2857142857142857,0.025974025974025965,0.36111111111111105,-1
273,Brighton,Brentford,0.4772727272727273,0.40740740740740755,0.5,0.4285714285714285,0.2045454545454545,0.20370370370370378,0
274,Crystal Palace,Leicester,0.1136363636363637,0.4814814814814815,0.7083333333333334,0.8928571428571429,0.10146103896103903,0.3410493827160494,-1
275,Nott'm Forest,Wolves,0.25,0.5185185185185185,0.04166666666666663,0.7857142857142857,0.19642857142857142,0.021604938271604916,0
276,Chelsea,Aston Villa,0.09090909090909088,0.33333333333333337,0.29166666666666663,0.3214285714285715,0.02922077922077922,0.09722222222222222,1
277,West Ham,Southampton,0.2272727272727273,0.5185185185185185,0.25,0.7142857142857143,0.16233766233766236,0.12962962962962962,-1
278,Newcastle,Man United,0.4545454545454545,0.14814814814814814,0.45833333333333337,0.6071428571428571,0.2759740259740259,0.06790123456790123,-1
279,Everton,Tottenham,0.0,0.6296296296296297,0.9166666666666669,0.7857142857142857,0.0,0.5771604938271606,0
280,Bournemouth,Brighton,0.09090909090909088,0.6666666666666666,1.0,0.5714285714285713,0.051948051948051924,0.6666666666666666,1
281,Leeds,Nott'm Forest,0.2272727272727273,1.0,0.0,1.0,0.2272727272727273,0.0,-1
282,Leicester,Aston Villa,0.15909090909090906,0.6296296296296297,0.29166666666666663,0.3214285714285715,0.05113636363636364,0.18364197530864196,1
283,Chelsea,Liverpool,0.09090909090909088,0.33333333333333337,0.7500000000000001,0.5000000000000001,0.04545454545454545,0.25000000000000006,0
284,Man United,Brentford,0.4545454545454545,0.0,0.5,0.4285714285714285,0.19480519480519473,0.0,-1
285,West Ham,Newcastle,0.2272727272727273,0.5185185185185185,0.8750000000000001,0.1071428571428572,0.024350649350649366,0.4537037037037037,1
286,Man United,Everton,0.4545454545454545,0.0,0.29166666666666663,0.5000000000000001,0.2272727272727273,0.0,-1
287,Aston Villa,Nott'm Forest,0.38636363636363635,0.40740740740740755,0.0,1.0,0.38636363636363635,0.0,-1
288,Brentford,Newcastle,0.43181818181818177,0.2962962962962963,0.8750000000000001,0.1071428571428572,0.04626623376623379,0.2592592592592593,1
289,Fulham,West Ham,0.34090909090909094,0.7037037037037038,0.20833333333333337,0.5357142857142857,0.18262987012987014,0.14660493827160498,1
290,Leicester,Bournemouth,0.15909090909090906,0.6296296296296297,0.25,0.9642857142857143,0.15340909090909088,0.1574074074074074,1
291,Tottenham,Brighton,0.4772727272727273,0.5555555555555557,1.0,0.5714285714285713,0.27272727272727265,0.5555555555555557,-1
292,Wolves,Chelsea,0.06818181818181818,0.37037037037037035,0.29166666666666663,0.4285714285714285,0.029220779220779213,0.10802469135802467,-1
293,Southampton,Man City,0.06818181818181818,1.0,0.9583333333333334,0.0,0.0,0.9583333333333334,1
294,Leeds,Crystal Palace,0.2272727272727273,1.0,0.33333333333333337,0.3571428571428572,0.0811688311688312,0.33333333333333337,1
295,Liverpool,Arsenal,0.6818181818181818,0.2592592592592593,1.0,0.07142857142857151,0.04870129870129875,0.2592592592592593,0
296,Aston Villa,Newcastle,0.38636363636363635,0.40740740740740755,0.8750000000000001,0.1071428571428572,0.04139610389610392,0.3564814814814817,-1
297,Chelsea,Brighton,0.09090909090909088,0.33333333333333337,1.0,0.5714285714285713,0.051948051948051924,0.33333333333333337,1
298,Everton,Fulham,0.0,0.6296296296296297,0.5416666666666666,0.2857142857142857,0.0,0.34104938271604934,1
299,Southampton,Crystal Palace,0.06818181818181818,1.0,0.33333333333333337,0.3571428571428572,0.024350649350649352,0.33333333333333337,1
300,Tottenham,Bournemouth,0.4772727272727273,0.5555555555555557,0.25,0.9642857142857143,0.46022727272727276,0.13888888888888892,1
301,Wolves,Brentford,0.06818181818181818,0.37037037037037035,0.5,0.4285714285714285,0.029220779220779213,0.18518518518518517,-1
302,Man City,Leicester,1.0,0.2592592592592593,0.7083333333333334,0.8928571428571429,0.8928571428571429,0.183641975308642,-1
303,West Ham,Arsenal,0.2272727272727273,0.5185185185185185,1.0,0.07142857142857151,0.016233766233766253,0.5185185185185185,0
304,Nott'm Forest,Man United,0.25,0.5185185185185185,0.45833333333333337,0.6071428571428571,0.15178571428571427,0.23765432098765432,1
305,Leeds,Liverpool,0.2272727272727273,1.0,0.7500000000000001,0.5000000000000001,0.11363636363636367,0.7500000000000001,1
306,Arsenal,Southampton,0.8409090909090907,0.5555555555555557,0.25,0.7142857142857143,0.6006493506493505,0.13888888888888892,0
307,Fulham,Leeds,0.34090909090909094,0.7037037037037038,0.45833333333333337,0.8928571428571429,0.3043831168831169,0.32253086419753096,-1
308,Brentford,Aston Villa,0.43181818181818177,0.2962962962962963,0.29166666666666663,0.3214285714285715,0.1387987012987013,0.08641975308641973,0
309,Crystal Palace,Everton,0.1136363636363637,0.4814814814814815,0.29166666666666663,0.5000000000000001,0.056818181818181865,0.14043209876543208,0
310,Leicester,Wolves,0.15909090909090906,0.6296296296296297,0.04166666666666663,0.7857142857142857,0.12499999999999997,0.026234567901234546,-1
311,Liverpool,Nott'm Forest,0.6818181818181818,0.2592592592592593,0.0,1.0,0.6818181818181818,0.0,-1
312,Bournemouth,West Ham,0.09090909090909088,0.6666666666666666,0.20833333333333337,0.5357142857142857,0.04870129870129869,0.1388888888888889,1
313,Newcastle,Tottenham,0.4545454545454545,0.14814814814814814,0.9166666666666669,0.7857142857142857,0.3571428571428571,0.1358024691358025,-1
314,Wolves,Crystal Palace,0.06818181818181818,0.37037037037037035,0.33333333333333337,0.3571428571428572,0.024350649350649352,0.1234567901234568,-1
315,Aston Villa,Fulham,0.38636363636363635,0.40740740740740755,0.5416666666666666,0.2857142857142857,0.11038961038961038,0.22067901234567908,-1
316,Leeds,Leicester,0.2272727272727273,1.0,0.7083333333333334,0.8928571428571429,0.20292207792207795,0.7083333333333334,0
317,Nott'm Forest,Brighton,0.25,0.5185185185185185,1.0,0.5714285714285713,0.14285714285714282,0.5185185185185185,-1
318,Chelsea,Brentford,0.09090909090909088,0.33333333333333337,0.5,0.4285714285714285,0.038961038961038946,0.16666666666666669,1
319,West Ham,Liverpool,0.2272727272727273,0.5185185185185185,0.7500000000000001,0.5000000000000001,0.11363636363636367,0.38888888888888895,1
320,Man City,Arsenal,1.0,0.2592592592592593,1.0,0.07142857142857151,0.07142857142857151,0.2592592592592593,-1
321,Everton,Newcastle,0.0,0.6296296296296297,0.8750000000000001,0.1071428571428572,0.0,0.550925925925926,1
322,Southampton,Bournemouth,0.06818181818181818,1.0,0.25,0.9642857142857143,0.06574675324675325,0.25,1
323,Tottenham,Man United,0.4772727272727273,0.5555555555555557,0.45833333333333337,0.6071428571428571,0.28977272727272724,0.2546296296296297,0
324,Crystal Palace,West Ham,0.1136363636363637,0.4814814814814815,0.20833333333333337,0.5357142857142857,0.06087662337662341,0.10030864197530867,-1
325,Brentford,Nott'm Forest,0.43181818181818177,0.2962962962962963,0.0,1.0,0.43181818181818177,0.0,-1
326,Brighton,Wolves,0.4772727272727273,0.40740740740740755,0.04166666666666663,0.7857142857142857,0.375,0.0169753086419753,-1
327,Bournemouth,Leeds,0.09090909090909088,0.6666666666666666,0.45833333333333337,0.8928571428571429,0.08116883116883115,0.3055555555555556,-1
328,Fulham,Man City,0.34090909090909094,0.7037037037037038,0.9583333333333334,0.0,0.0,0.6743827160493828,1
329,Man United,Aston Villa,0.4545454545454545,0.0,0.29166666666666663,0.3214285714285715,0.14610389610389612,0.0,-1
330,Newcastle,Southampton,0.4545454545454545,0.14814814814814814,0.25,0.7142857142857143,0.3246753246753246,0.037037037037037035,-1
331,Liverpool,Tottenham,0.6818181818181818,0.2592592592592593,0.9166666666666669,0.7857142857142857,0.5357142857142857,0.2376543209876544,-1
332,Leicester,Everton,0.15909090909090906,0.6296296296296297,0.29166666666666663,0.5000000000000001,0.07954545454545454,0.18364197530864196,0
333,Arsenal,Chelsea,0.8409090909090907,0.5555555555555557,0.29166666666666663,0.4285714285714285,0.36038961038961026,0.16203703703703706,-1
334,Liverpool,Fulham,0.6818181818181818,0.2592592592592593,0.5416666666666666,0.2857142857142857,0.1948051948051948,0.1404320987654321,-1
335,Man City,West Ham,1.0,0.2592592592592593,0.20833333333333337,0.5357142857142857,0.5357142857142857,0.054012345679012363,-1
336,Brighton,Man United,0.4772727272727273,0.40740740740740755,0.45833333333333337,0.6071428571428571,0.28977272727272724,0.18672839506172847,-1
337,Bournemouth,Chelsea,0.09090909090909088,0.6666666666666666,0.29166666666666663,0.4285714285714285,0.038961038961038946,0.19444444444444442,1
338,Man City,Leeds,1.0,0.2592592592592593,0.45833333333333337,0.8928571428571429,0.8928571428571429,0.11882716049382719,-1
339,Tottenham,Crystal Palace,0.4772727272727273,0.5555555555555557,0.33333333333333337,0.3571428571428572,0.1704545454545455,0.18518518518518526,-1
340,Wolves,Aston Villa,0.06818181818181818,0.37037037037037035,0.29166666666666663,0.3214285714285715,0.02191558441558442,0.10802469135802467,-1
341,Liverpool,Brentford,0.6818181818181818,0.2592592592592593,0.5,0.4285714285714285,0.29220779220779214,0.12962962962962965,-1
342,Newcastle,Arsenal,0.4545454545454545,0.14814814814814814,1.0,0.07142857142857151,0.0324675324675325,0.14814814814814814,1
343,West Ham,Man United,0.2272727272727273,0.5185185185185185,0.45833333333333337,0.6071428571428571,0.137987012987013,0.23765432098765432,-1
344,Fulham,Leicester,0.34090909090909094,0.7037037037037038,0.7083333333333334,0.8928571428571429,0.3043831168831169,0.4984567901234569,-1
345,Brighton,Everton,0.4772727272727273,0.40740740740740755,0.29166666666666663,0.5000000000000001,0.2386363636363637,0.11882716049382719,1
346,Nott'm Forest,Southampton,0.25,0.5185185185185185,0.25,0.7142857142857143,0.17857142857142858,0.12962962962962962,-1
347,Leeds,Newcastle,0.2272727272727273,1.0,0.8750000000000001,0.1071428571428572,0.024350649350649366,0.8750000000000001,0
348,Aston Villa,Tottenham,0.38636363636363635,0.40740740740740755,0.9166666666666669,0.7857142857142857,0.30357142857142855,0.373456790123457,-1
349,Chelsea,Nott'm Forest,0.09090909090909088,0.33333333333333337,0.0,1.0,0.09090909090909088,0.0,0
350,Crystal Palace,Bournemouth,0.1136363636363637,0.4814814814814815,0.25,0.9642857142857143,0.10957792207792215,0.12037037037037038,-1
351,Man United,Wolves,0.4545454545454545,0.0,0.04166666666666663,0.7857142857142857,0.3571428571428571,0.0,-1
352,Southampton,Fulham,0.06818181818181818,1.0,0.5416666666666666,0.2857142857142857,0.019480519480519477,0.5416666666666666,1
353,Brentford,West Ham,0.43181818181818177,0.2962962962962963,0.20833333333333337,0.5357142857142857,0.2313311688311688,0.061728395061728406,-1
354,Everton,Man City,0.0,0.6296296296296297,0.9583333333333334,0.0,0.0,0.6033950617283951,1
355,Arsenal,Brighton,0.8409090909090907,0.5555555555555557,1.0,0.5714285714285713,0.4805194805194803,0.5555555555555557,1
356,Leicester,Liverpool,0.15909090909090906,0.6296296296296297,0.7500000000000001,0.5000000000000001,0.07954545454545454,0.4722222222222223,1
357,Newcastle,Brighton,0.4545454545454545,0.14814814814814814,1.0,0.5714285714285713,0.25974025974025966,0.14814814814814814,-1
358,Tottenham,Brentford,0.4772727272727273,0.5555555555555557,0.5,0.4285714285714285,0.2045454545454545,0.27777777777777785,1
359,Bournemouth,Man United,0.09090909090909088,0.6666666666666666,0.45833333333333337,0.6071428571428571,0.05519480519480518,0.3055555555555556,1
360,Fulham,Crystal Palace,0.34090909090909094,0.7037037037037038,0.33333333333333337,0.3571428571428572,0.12175324675324678,0.23456790123456797,0
361,Liverpool,Aston Villa,0.6818181818181818,0.2592592592592593,0.29166666666666663,0.3214285714285715,0.2191558441558442,0.07561728395061729,0
362,Wolves,Everton,0.06818181818181818,0.37037037037037035,0.29166666666666663,0.5000000000000001,0.034090909090909095,0.10802469135802467,0
363,Nott'm Forest,Arsenal,0.25,0.5185185185185185,1.0,0.07142857142857151,0.017857142857142877,0.5185185185185185,-1
364,West Ham,Leeds,0.2272727272727273,0.5185185185185185,0.45833333333333337,0.8928571428571429,0.20292207792207795,0.23765432098765432,-1
365,Brighton,Southampton,0.4772727272727273,0.40740740740740755,0.25,0.7142857142857143,0.34090909090909094,0.10185185185185189,-1
366,Man City,Chelsea,1.0,0.2592592592592593,0.29166666666666663,0.4285714285714285,0.4285714285714285,0.07561728395061729,-1
367,Newcastle,Leicester,0.4545454545454545,0.14814814814814814,0.7083333333333334,0.8928571428571429,0.4058441558441558,0.10493827160493827,0
368,Brighton,Man City,0.4772727272727273,0.40740740740740755,0.9583333333333334,0.0,0.0,0.3904320987654323,0
369,Man United,Chelsea,0.4545454545454545,0.0,0.29166666666666663,0.4285714285714285,0.19480519480519473,0.0,-1
370,Arsenal,Wolves,0.8409090909090907,0.5555555555555557,0.04166666666666663,0.7857142857142857,0.6607142857142856,0.023148148148148133,-1
371,Aston Villa,Brighton,0.38636363636363635,0.40740740740740755,1.0,0.5714285714285713,0.22077922077922071,0.40740740740740755,-1
372,Brentford,Man City,0.43181818181818177,0.2962962962962963,0.9583333333333334,0.0,0.0,0.2839506172839506,-1
373,Chelsea,Newcastle,0.09090909090909088,0.33333333333333337,0.8750000000000001,0.1071428571428572,0.009740259740259744,0.29166666666666674,0
374,Crystal Palace,Nott'm Forest,0.1136363636363637,0.4814814814814815,0.0,1.0,0.1136363636363637,0.0,0
375,Everton,Bournemouth,0.0,0.6296296296296297,0.25,0.9642857142857143,0.0,0.1574074074074074,-1
376,Leeds,Tottenham,0.2272727272727273,1.0,0.9166666666666669,0.7857142857142857,0.17857142857142858,0.9166666666666669,1
377,Leicester,West Ham,0.15909090909090906,0.6296296296296297,0.20833333333333337,0.5357142857142857,0.08522727272727271,0.13117283950617287,-1
378,Man United,Fulham,0.4545454545454545,0.0,0.5416666666666666,0.2857142857142857,0.12987012987012983,0.0,-1
379,Southampton,Liverpool,0.06818181818181818,1.0,0.7500000000000001,0.5000000000000001,0.034090909090909095,0.7500000000000001,0
